id,station,date,corn_heat_units,cotton_heat_units,sorghum_heat_units,heat_units_50_degree,heat_units_55_degree,heat_units_60_degree
228,Corpus Christi Agrilife (ID: 322),2024-11-27,22,12,17,22,17,12
229,Corpus Christi Agrilife (ID: 322),2024-11-26,13,3,8,13,8,3
230,Corpus Christi Agrilife (ID: 322),2024-11-25,24,15,20,25,20,15
231,Corpus Christi Agrilife (ID: 322),2024-11-24,22,12,17,22,17,12
232,Corpus Christi Agrilife (ID: 322),2024-11-23,17,7,12,17,12,7
233,Corpus Christi Agrilife (ID: 322),2024-11-22,13,3,8,13,8,3
234,Corpus Christi Agrilife (ID: 322),2024-11-21,9,0,4,9,4,0
235,Corpus Christi Agrilife (ID: 322),2024-11-20,14,4,9,14,9,4
236,Corpus Christi Agrilife (ID: 322),2024-11-19,22,12,17,22,17,12
237,Corpus Christi Agrilife (ID: 322),2024-11-18,30,21,26,31,26,21
238,Corpus Christi Agrilife (ID: 322),2024-11-17,24,15,20,25,20,15
239,Corpus Christi Agrilife (ID: 322),2024-11-16,23,13,18,23,18,13
240,Corpus Christi Agrilife (ID: 322),2024-11-15,15,5,10,15,10,5
241,Corpus Christi Agrilife (ID: 322),2024-11-14,18,8,13,18,13,8
242,Corpus Christi North (ID: 327),2024-11-26,13,3,8,13,8,3
243,Corpus Christi North (ID: 327),2024-11-25,26,17,22,27,22,17
244,Corpus Christi North (ID: 327),2024-11-24,24,14,19,24,19,14
245,Corpus Christi North (ID: 327),2024-11-23,16,6,11,16,11,6
246,Corpus Christi North (ID: 327),2024-11-22,11,1,6,11,6,1
247,Corpus Christi North (ID: 327),2024-11-21,8,0,3,8,3,0
248,Corpus Christi North (ID: 327),2024-11-20,15,5,10,15,10,5
249,Corpus Christi North (ID: 327),2024-11-19,22,12,17,22,17,12
250,Corpus Christi North (ID: 327),2024-11-18,30,22,27,32,27,22
251,Corpus Christi North (ID: 327),2024-11-17,26,16,21,26,21,16
252,Corpus Christi North (ID: 327),2024-11-16,22,12,17,22,17,12
253,Corpus Christi North (ID: 327),2024-11-15,15,5,10,15,10,5
254,Corpus Christi North (ID: 327),2024-11-14,18,8,13,18,13,8
255,Corpus Christi South (ID: 328),2024-11-24,24,14,19,24,19,14
256,Corpus Christi South (ID: 328),2024-11-23,16,6,11,16,11,6
257,Corpus Christi South (ID: 328),2024-11-22,13,3,8,13,8,3
258,Corpus Christi South (ID: 328),2024-11-21,13,3,8,13,8,3
259,Corpus Christi South (ID: 328),2024-11-20,17,7,12,17,12,7
260,Corpus Christi South (ID: 328),2024-11-19,25,15,20,25,20,15
261,Corpus Christi South (ID: 328),2024-11-18,31,21,26,31,26,21
262,Corpus Christi South (ID: 328),2024-11-17,26,16,21,26,21,16
263,Corpus Christi South (ID: 328),2024-11-16,24,14,19,24,19,14
264,Corpus Christi South (ID: 328),2024-11-15,16,6,11,16,11,6
265,Corpus Christi South (ID: 328),2024-11-14,17,7,12,17,12,7
266,Dickinson (ID: 149),2024-11-27,18,8,13,18,13,8
267,Dickinson (ID: 149),2024-11-26,9,0,4,9,4,0
268,Dickinson (ID: 149),2024-11-25,23,13,18,23,18,13
269,Dickinson (ID: 149),2024-11-24,18,8,13,18,13,8
270,Dickinson (ID: 149),2024-11-23,11,1,6,11,6,1
271,Dickinson (ID: 149),2024-11-22,10,0,5,10,5,0
272,Dickinson (ID: 149),2024-11-21,7,0,2,7,2,0
273,Dickinson (ID: 149),2024-11-20,9,0,4,9,4,0
274,Dickinson (ID: 149),2024-11-19,19,9,14,19,14,9
275,Dickinson (ID: 149),2024-11-18,24,14,19,24,19,14
276,Dickinson (ID: 149),2024-11-17,28,18,23,28,23,18
277,Dickinson (ID: 149),2024-11-16,17,7,12,17,12,7
278,Dickinson (ID: 149),2024-11-15,10,0,5,10,5,0
279,Dickinson (ID: 149),2024-11-14,15,5,10,15,10,5
280,Driscoll (ID: 324),2024-11-27,22,12,17,22,17,12
281,Driscoll (ID: 324),2024-11-26,14,4,9,14,9,4
282,Driscoll (ID: 324),2024-11-25,26,17,22,27,22,17
283,Driscoll (ID: 324),2024-11-24,26,16,21,26,21,16
284,Driscoll (ID: 324),2024-11-23,15,5,10,15,10,5
285,Driscoll (ID: 324),2024-11-22,12,2,7,12,7,2
286,Driscoll (ID: 324),2024-11-21,8,0,3,8,3,0
287,Driscoll (ID: 324),2024-11-20,13,3,8,13,8,3
288,Driscoll (ID: 324),2024-11-19,21,11,16,21,16,11
289,Driscoll (ID: 324),2024-11-18,30,22,27,32,27,22
290,Driscoll (ID: 324),2024-11-17,25,15,20,25,20,15
291,Driscoll (ID: 324),2024-11-16,20,10,15,20,15,10
292,Driscoll (ID: 324),2024-11-15,15,5,10,15,10,5
293,Driscoll (ID: 324),2024-11-14,17,7,12,17,12,7
294,Freer (ID: 319),2024-11-26,13,3,8,13,8,3
295,Freer (ID: 319),2024-11-25,21,12,17,22,17,12
296,Freer (ID: 319),2024-11-24,22,12,17,22,17,12
297,Freer (ID: 319),2024-11-23,18,8,13,18,13,8
298,Freer (ID: 319),2024-11-22,15,5,10,15,10,5
299,Freer (ID: 319),2024-11-21,11,1,6,11,6,1
300,Freer (ID: 319),2024-11-20,13,3,8,13,8,3
301,Freer (ID: 319),2024-11-19,21,11,16,21,16,11
302,Freer (ID: 319),2024-11-18,23,13,18,23,18,13
303,Freer (ID: 319),2024-11-17,24,16,21,26,21,16
304,Freer (ID: 319),2024-11-16,19,9,14,19,14,9
305,Freer (ID: 319),2024-11-15,17,7,12,17,12,7
306,Freer (ID: 319),2024-11-14,17,7,12,17,12,7
307,Garwood (ID: 193),2024-11-26,9,0,4,9,4,0
308,Garwood (ID: 193),2024-11-25,19,10,15,20,15,10
309,Garwood (ID: 193),2024-11-24,19,9,14,19,14,9
310,Garwood (ID: 193),2024-11-23,11,1,6,11,6,1
311,Garwood (ID: 193),2024-11-22,10,0,5,10,5,0
312,Garwood (ID: 193),2024-11-21,6,0,1,6,1,0
313,Garwood (ID: 193),2024-11-20,6,0,1,6,1,0
314,Garwood (ID: 193),2024-11-19,17,7,12,17,12,7
315,Garwood (ID: 193),2024-11-18,20,10,15,20,15,10
316,Garwood (ID: 193),2024-11-17,23,13,18,23,18,13
317,Garwood (ID: 193),2024-11-16,18,8,13,18,13,8
318,Garwood (ID: 193),2024-11-15,11,1,6,11,6,1
319,Garwood (ID: 193),2024-11-14,14,4,9,14,9,4
320,Goliad (ID: 198),2024-11-26,12,2,7,12,7,2
321,Goliad (ID: 198),2024-11-25,13,4,9,14,9,4
322,Goliad (ID: 198),2024-11-24,15,5,10,15,10,5
323,Goliad (ID: 198),2024-11-23,12,2,7,12,7,2
324,Goliad (ID: 198),2024-11-22,8,0,3,8,3,0
325,Goliad (ID: 198),2024-11-21,5,0,0,5,0,0
326,Goliad (ID: 198),2024-11-20,8,0,3,8,3,0
327,Goliad (ID: 198),2024-11-19,15,5,10,15,10,5
328,Goliad (ID: 198),2024-11-18,23,13,18,23,18,13
329,Goliad (ID: 198),2024-11-17,16,6,11,16,11,6
330,Goliad (ID: 198),2024-11-16,18,8,13,18,13,8
331,Goliad (ID: 198),2024-11-15,10,0,5,10,5,0
332,Goliad (ID: 198),2024-11-14,12,2,7,12,7,2
333,Houston (ID: 150),2024-11-27,19,9,14,19,14,9
334,Houston (ID: 150),2024-11-26,9,0,4,9,4,0
335,Houston (ID: 150),2024-11-25,20,10,15,20,15,10
336,Houston (ID: 150),2024-11-24,17,7,12,17,12,7
337,Houston (ID: 150),2024-11-23,9,0,4,9,4,0
338,Houston (ID: 150),2024-11-22,8,0,3,8,3,0
339,Houston (ID: 150),2024-11-21,5,0,0,5,0,0
340,Houston (ID: 150),2024-11-20,8,0,3,8,3,0
341,Houston (ID: 150),2024-11-19,17,7,12,17,12,7
342,Houston (ID: 150),2024-11-18,22,12,17,22,17,12
343,Houston (ID: 150),2024-11-17,28,18,23,28,23,18
344,Houston (ID: 150),2024-11-16,14,4,9,14,9,4
345,Houston (ID: 150),2024-11-15,9,0,4,9,4,0
346,Houston (ID: 150),2024-11-14,12,2,7,12,7,2
347,Houston North (ID: 326),2024-11-27,17,7,12,17,12,7
348,Houston North (ID: 326),2024-11-26,7,0,2,7,2,0
349,Houston North (ID: 326),2024-11-25,21,11,16,21,16,11
350,Houston North (ID: 326),2024-11-24,16,6,11,16,11,6
351,Houston North (ID: 326),2024-11-23,9,0,4,9,4,0
352,Houston North (ID: 326),2024-11-22,7,0,2,7,2,0
353,Houston North (ID: 326),2024-11-21,4,0,0,4,0,0
354,Houston North (ID: 326),2024-11-20,9,0,4,9,4,0
355,Houston North (ID: 326),2024-11-19,17,7,12,17,12,7
356,Houston North (ID: 326),2024-11-18,22,12,17,22,17,12
357,Houston North (ID: 326),2024-11-17,24,14,19,24,19,14
358,Houston North (ID: 326),2024-11-16,13,3,8,13,8,3
359,Houston North (ID: 326),2024-11-15,9,0,4,9,4,0
360,Houston North (ID: 326),2024-11-14,12,2,7,12,7,2
361,Kingsville (ID: 201),2024-11-26,14,4,9,14,9,4
362,Kingsville (ID: 201),2024-11-25,22,14,19,24,19,14
363,Kingsville (ID: 201),2024-11-24,20,10,15,20,15,10
364,Kingsville (ID: 201),2024-11-23,14,4,9,14,9,4
365,Kingsville (ID: 201),2024-11-22,11,1,6,11,6,1
366,Kingsville (ID: 201),2024-11-21,8,0,3,8,3,0
367,Kingsville (ID: 201),2024-11-20,11,1,6,11,6,1
368,Kingsville (ID: 201),2024-11-19,19,10,15,20,15,10
369,Kingsville (ID: 201),2024-11-18,25,17,22,27,22,17
370,Kingsville (ID: 201),2024-11-17,23,16,21,26,21,16
371,Kingsville (ID: 201),2024-11-16,18,8,13,18,13,8
372,Kingsville (ID: 201),2024-11-15,15,5,10,15,10,5
373,Kingsville (ID: 201),2024-11-14,16,6,11,16,11,6
374,Memorial Village (ID: 160),2024-11-27,18,8,13,18,13,8
375,Memorial Village (ID: 160),2024-11-26,7,0,2,7,2,0
376,Memorial Village (ID: 160),2024-11-25,21,11,16,21,16,11
377,Memorial Village (ID: 160),2024-11-24,19,9,14,19,14,9
378,Memorial Village (ID: 160),2024-11-23,11,1,6,11,6,1
379,Memorial Village (ID: 160),2024-11-22,9,0,4,9,4,0
380,Memorial Village (ID: 160),2024-11-21,6,0,1,6,1,0
381,Memorial Village (ID: 160),2024-11-20,9,0,4,9,4,0
382,Memorial Village (ID: 160),2024-11-19,17,7,12,17,12,7
383,Memorial Village (ID: 160),2024-11-18,23,13,18,23,18,13
384,Memorial Village (ID: 160),2024-11-17,27,17,22,27,22,17
385,Memorial Village (ID: 160),2024-11-16,16,6,11,16,11,6
386,Memorial Village (ID: 160),2024-11-15,11,1,6,11,6,1
387,Memorial Village (ID: 160),2024-11-14,14,4,9,14,9,4
388,Refugio (ID: 188),2024-11-26,11,1,6,11,6,1
389,Refugio (ID: 188),2024-11-25,10,1,6,11,6,1
390,Refugio (ID: 188),2024-11-24,11,1,6,11,6,1
391,Refugio (ID: 188),2024-11-23,8,0,3,8,3,0
392,Refugio (ID: 188),2024-11-22,8,0,3,8,3,0
393,Refugio (ID: 188),2024-11-21,7,0,2,7,2,0
394,Refugio (ID: 188),2024-11-20,10,0,5,10,5,0
395,Refugio (ID: 188),2024-11-19,16,9,14,19,14,9
396,Refugio (ID: 188),2024-11-18,20,13,18,23,18,13
397,Refugio (ID: 188),2024-11-17,10,0,5,10,5,0
398,Refugio (ID: 188),2024-11-15,10,0,5,10,5,0
399,Refugio (ID: 188),2024-11-14,13,3,8,13,8,3
400,Richmond North (ID: 161),2024-11-27,16,6,11,16,11,6
401,Richmond North (ID: 161),2024-11-26,6,0,1,6,1,0
402,Richmond North (ID: 161),2024-11-25,20,10,15,20,15,10
403,Richmond North (ID: 161),2024-11-24,16,6,11,16,11,6
404,Richmond North (ID: 161),2024-11-23,9,0,4,9,4,0
405,Richmond North (ID: 161),2024-11-22,7,0,2,7,2,0
406,Richmond North (ID: 161),2024-11-21,4,0,0,4,0,0
407,Richmond North (ID: 161),2024-11-20,8,0,3,8,3,0
408,Richmond North (ID: 161),2024-11-19,15,5,10,15,10,5
409,Richmond North (ID: 161),2024-11-18,22,12,17,22,17,12
410,Richmond North (ID: 161),2024-11-17,25,15,20,25,20,15
411,Richmond North (ID: 161),2024-11-16,14,4,9,14,9,4
412,Richmond North (ID: 161),2024-11-15,9,0,4,9,4,0
413,Richmond North (ID: 161),2024-11-14,11,1,6,11,6,1
414,Richmond South (ID: 151),2024-11-27,18,8,13,18,13,8
415,Richmond South (ID: 151),2024-11-26,8,0,3,8,3,0
416,Richmond South (ID: 151),2024-11-25,20,10,15,20,15,10
417,Richmond South (ID: 151),2024-11-24,18,8,13,18,13,8
418,Richmond South (ID: 151),2024-11-23,14,4,9,14,9,4
419,Richmond South (ID: 151),2024-11-22,9,0,4,9,4,0
420,Richmond South (ID: 151),2024-11-21,5,0,0,5,0,0
421,Richmond South (ID: 151),2024-11-20,9,0,4,9,4,0
422,Richmond South (ID: 151),2024-11-19,15,5,10,15,10,5
423,Richmond South (ID: 151),2024-11-18,21,11,16,21,16,11
424,Richmond South (ID: 151),2024-11-17,25,15,20,25,20,15
425,Richmond South (ID: 151),2024-11-16,20,10,15,20,15,10
426,Richmond South (ID: 151),2024-11-15,11,1,6,11,6,1
427,Richmond South (ID: 151),2024-11-14,14,4,9,14,9,4
428,Spring (ID: 152),2024-11-27,17,7,12,17,12,7
429,Spring (ID: 152),2024-11-26,7,0,2,7,2,0
430,Spring (ID: 152),2024-11-25,20,10,15,20,15,10
431,Spring (ID: 152),2024-11-24,16,6,11,16,11,6
432,Spring (ID: 152),2024-11-23,9,0,4,9,4,0
433,Spring (ID: 152),2024-11-22,8,0,3,8,3,0
434,Spring (ID: 152),2024-11-21,5,0,0,5,0,0
435,Spring (ID: 152),2024-11-20,8,0,3,8,3,0
436,Spring (ID: 152),2024-11-19,16,6,11,16,11,6
437,Spring (ID: 152),2024-11-18,22,12,17,22,17,12
438,Spring (ID: 152),2024-11-17,25,15,20,25,20,15
439,Spring (ID: 152),2024-11-16,14,4,9,14,9,4
440,Spring (ID: 152),2024-11-15,10,0,5,10,5,0
441,Spring (ID: 152),2024-11-14,13,3,8,13,8,3
442,Victoria County West (ID: 316),2024-11-26,10,0,5,10,5,0
443,Victoria County West (ID: 316),2024-11-25,20,11,16,21,16,11
444,Victoria County West (ID: 316),2024-11-24,22,12,17,22,17,12
445,Victoria County West (ID: 316),2024-11-23,12,2,7,12,7,2
446,Victoria County West (ID: 316),2024-11-22,11,1,6,11,6,1
447,Victoria County West (ID: 316),2024-11-21,5,0,0,5,0,0
448,Victoria County West (ID: 316),2024-11-20,8,0,3,8,3,0
449,Victoria County West (ID: 316),2024-11-19,17,8,13,18,13,8
450,Victoria County West (ID: 316),2024-11-18,22,12,17,22,17,12
451,Victoria County West (ID: 316),2024-11-17,24,15,20,25,20,15
452,Victoria County West (ID: 316),2024-11-16,21,11,16,21,16,11
453,Victoria County West (ID: 316),2024-11-15,12,2,7,12,7,2
454,Victoria County West (ID: 316),2024-11-14,13,3,8,13,8,3
455,Corpus Christi Agrilife (ID: 322),2024-11-28,16,6,11,16,11,6
456,Dickinson (ID: 149),2024-11-28,14,4,9,14,9,4
457,Driscoll (ID: 324),2024-11-28,15,5,10,15,10,5
458,Houston (ID: 150),2024-11-28,11,1,6,11,6,1
459,Houston North (ID: 326),2024-11-28,13,3,8,13,8,3
460,Memorial Village (ID: 160),2024-11-28,13,3,8,13,8,3
461,Richmond North (ID: 161),2024-11-28,10,0,5,10,5,0
462,Richmond South (ID: 151),2024-11-28,9,0,4,9,4,0
463,Spring (ID: 152),2024-11-28,11,1,6,11,6,1
464,Corpus Christi Agrilife (ID: 322),2024-11-29,5,0,0,5,0,0
465,Corpus Christi North (ID: 327),2024-11-28,16,6,11,16,11,6
466,Corpus Christi North (ID: 327),2024-11-27,23,13,18,23,18,13
467,Dickinson (ID: 149),2024-11-29,4,0,0,4,0,0
468,Driscoll (ID: 324),2024-11-29,5,0,0,5,0,0
469,Houston (ID: 150),2024-11-29,3,0,0,3,0,0
470,Houston North (ID: 326),2024-11-29,2,0,0,2,0,0
471,Memorial Village (ID: 160),2024-11-29,3,0,0,3,0,0
472,Richmond North (ID: 161),2024-11-29,1,0,0,1,0,0
473,Richmond South (ID: 151),2024-11-29,3,0,0,3,0,0
474,Spring (ID: 152),2024-11-29,0,0,0,0,0,0
475,Corpus Christi Agrilife (ID: 322),2024-11-30,10,0,5,10,5,0
476,Dickinson (ID: 149),2024-11-30,3,0,0,3,0,0
477,Houston (ID: 150),2024-11-30,1,0,0,1,0,0
478,Houston North (ID: 326),2024-11-30,1,0,0,1,0,0
479,Memorial Village (ID: 160),2024-11-30,2,0,0,2,0,0
480,Richmond North (ID: 161),2024-11-30,1,0,0,1,0,0
481,Richmond South (ID: 151),2024-11-30,3,0,0,3,0,0
482,Spring (ID: 152),2024-11-30,0,0,0,0,0,0
483,Corpus Christi Agrilife (ID: 322),2024-12-08,3,0,0,3,0,0
484,Corpus Christi Agrilife (ID: 322),2024-12-07,3,0,0,3,0,0
485,Corpus Christi Agrilife (ID: 322),2024-12-06,8,0,3,8,3,0
486,Corpus Christi Agrilife (ID: 322),2024-12-05,13,3,8,13,8,3
487,Corpus Christi Agrilife (ID: 322),2024-12-04,16,6,11,16,11,6
488,Corpus Christi Agrilife (ID: 322),2024-12-03,12,2,7,12,7,2
489,Corpus Christi Agrilife (ID: 322),2024-12-02,15,5,10,15,10,5
490,Corpus Christi Agrilife (ID: 322),2024-12-01,15,5,10,15,10,5
491,Corpus Christi South (ID: 328),2024-11-30,9,0,4,9,4,0
492,Corpus Christi South (ID: 328),2024-11-29,5,0,0,5,0,0
493,Corpus Christi South (ID: 328),2024-11-28,16,6,11,16,11,6
494,Corpus Christi South (ID: 328),2024-11-27,21,11,16,21,16,11
495,Corpus Christi South (ID: 328),2024-11-26,14,4,9,14,9,4
496,Corpus Christi South (ID: 328),2024-11-25,26,16,21,26,21,16
497,Dickinson (ID: 149),2024-12-08,9,0,4,9,4,0
498,Dickinson (ID: 149),2024-12-07,3,0,0,3,0,0
499,Dickinson (ID: 149),2024-12-06,1,0,0,1,0,0
500,Dickinson (ID: 149),2024-12-05,14,4,9,14,9,4
501,Dickinson (ID: 149),2024-12-04,16,6,11,16,11,6
502,Dickinson (ID: 149),2024-12-03,4,0,0,4,0,0
503,Dickinson (ID: 149),2024-12-02,7,0,2,7,2,0
504,Dickinson (ID: 149),2024-12-01,9,0,4,9,4,0
505,Driscoll (ID: 324),2024-12-03,12,2,7,12,7,2
506,Driscoll (ID: 324),2024-12-01,15,5,10,15,10,5
507,Driscoll (ID: 324),2024-11-30,10,0,5,10,5,0
508,Freer (ID: 319),2024-12-08,0,0,0,0,0,0
509,Freer (ID: 319),2024-12-07,0,0,0,0,0,0
510,Freer (ID: 319),2024-12-06,2,0,0,2,0,0
511,Freer (ID: 319),2024-12-05,9,0,4,9,4,0
512,Freer (ID: 319),2024-12-04,9,0,4,9,4,0
513,Freer (ID: 319),2024-12-03,8,0,3,8,3,0
514,Freer (ID: 319),2024-12-02,14,4,9,14,9,4
515,Freer (ID: 319),2024-12-01,12,2,7,12,7,2
516,Garwood (ID: 193),2024-12-06,2,0,0,2,0,0
517,Garwood (ID: 193),2024-12-03,4,0,0,4,0,0
518,Garwood (ID: 193),2024-12-02,5,0,0,5,0,0
519,Garwood (ID: 193),2024-12-01,10,0,5,10,5,0
520,Goliad (ID: 198),2024-12-08,0,0,0,0,0,0
521,Goliad (ID: 198),2024-12-07,0,0,0,0,0,0
522,Goliad (ID: 198),2024-12-06,5,0,0,5,0,0
523,Goliad (ID: 198),2024-12-05,4,0,0,4,0,0
524,Goliad (ID: 198),2024-12-04,10,0,5,10,5,0
525,Goliad (ID: 198),2024-12-03,8,0,3,8,3,0
526,Goliad (ID: 198),2024-12-02,9,0,4,9,4,0
527,Goliad (ID: 198),2024-12-01,12,2,7,12,7,2
528,Houston (ID: 150),2024-12-08,7,0,2,7,2,0
529,Houston (ID: 150),2024-12-07,2,0,0,2,0,0
530,Houston (ID: 150),2024-12-06,0,0,0,0,0,0
531,Houston (ID: 150),2024-12-05,10,0,5,10,5,0
532,Houston (ID: 150),2024-12-04,16,6,11,16,11,6
533,Houston (ID: 150),2024-12-03,4,0,0,4,0,0
534,Houston (ID: 150),2024-12-02,3,0,0,3,0,0
535,Houston (ID: 150),2024-12-01,8,0,3,8,3,0
536,Houston North (ID: 326),2024-12-06,0,0,0,0,0,0
537,Houston North (ID: 326),2024-12-05,10,0,5,10,5,0
538,Houston North (ID: 326),2024-12-04,13,3,8,13,8,3
539,Houston North (ID: 326),2024-12-03,4,0,0,4,0,0
540,Houston North (ID: 326),2024-12-02,3,0,0,3,0,0
541,Houston North (ID: 326),2024-12-01,8,0,3,8,3,0
542,Memorial Village (ID: 160),2024-12-08,7,0,2,7,2,0
543,Memorial Village (ID: 160),2024-12-07,0,0,0,0,0,0
544,Memorial Village (ID: 160),2024-12-06,0,0,0,0,0,0
545,Memorial Village (ID: 160),2024-12-05,11,1,6,11,6,1
546,Memorial Village (ID: 160),2024-12-04,15,5,10,15,10,5
547,Memorial Village (ID: 160),2024-12-03,5,0,0,5,0,0
548,Memorial Village (ID: 160),2024-12-02,5,0,0,5,0,0
549,Memorial Village (ID: 160),2024-12-01,10,0,5,10,5,0
550,Refugio (ID: 188),2024-12-08,0,0,0,0,0,0
551,Refugio (ID: 188),2024-12-07,0,0,0,0,0,0
552,Refugio (ID: 188),2024-12-06,6,0,1,6,1,0
553,Refugio (ID: 188),2024-12-05,1,0,0,1,0,0
554,Refugio (ID: 188),2024-12-04,1,0,0,1,0,0
555,Refugio (ID: 188),2024-12-03,10,0,5,10,5,0
556,Refugio (ID: 188),2024-12-02,16,6,11,16,11,6
557,Refugio (ID: 188),2024-12-01,15,5,10,15,10,5
558,Richmond North (ID: 161),2024-12-08,5,0,0,5,0,0
559,Richmond North (ID: 161),2024-12-07,0,0,0,0,0,0
560,Richmond North (ID: 161),2024-12-06,0,0,0,0,0,0
561,Richmond North (ID: 161),2024-12-05,10,0,5,10,5,0
562,Richmond North (ID: 161),2024-12-04,15,5,10,15,10,5
563,Richmond North (ID: 161),2024-12-03,3,0,0,3,0,0
564,Richmond North (ID: 161),2024-12-02,4,0,0,4,0,0
565,Richmond North (ID: 161),2024-12-01,8,0,3,8,3,0
566,Richmond South (ID: 151),2024-12-08,1,0,0,1,0,0
567,Richmond South (ID: 151),2024-12-07,1,0,0,1,0,0
568,Richmond South (ID: 151),2024-12-06,1,0,0,1,0,0
569,Richmond South (ID: 151),2024-12-05,9,0,4,9,4,0
570,Richmond South (ID: 151),2024-12-04,16,6,11,16,11,6
571,Richmond South (ID: 151),2024-12-03,4,0,0,4,0,0
572,Richmond South (ID: 151),2024-12-02,7,0,2,7,2,0
573,Richmond South (ID: 151),2024-12-01,11,1,6,11,6,1
574,Spring (ID: 152),2024-12-08,5,0,0,5,0,0
575,Spring (ID: 152),2024-12-07,0,0,0,0,0,0
576,Spring (ID: 152),2024-12-06,0,0,0,0,0,0
577,Spring (ID: 152),2024-12-05,10,0,5,10,5,0
578,Spring (ID: 152),2024-12-04,12,2,7,12,7,2
579,Spring (ID: 152),2024-12-03,4,0,0,4,0,0
580,Spring (ID: 152),2024-12-02,3,0,0,3,0,0
581,Spring (ID: 152),2024-12-01,9,0,4,9,4,0
582,Victoria County West (ID: 316),2024-12-08,1,0,0,1,0,0
583,Victoria County West (ID: 316),2024-12-07,1,0,0,1,0,0
584,Victoria County West (ID: 316),2024-12-06,5,0,0,5,0,0
585,Victoria County West (ID: 316),2024-12-05,10,0,5,10,5,0
586,Victoria County West (ID: 316),2024-12-04,15,5,10,15,10,5
587,Victoria County West (ID: 316),2024-12-03,7,0,2,7,2,0
588,Victoria County West (ID: 316),2024-12-02,10,0,5,10,5,0
589,Victoria County West (ID: 316),2024-12-01,13,3,8,13,8,3
590,Kingsville (ID: 201),2024-12-08,2,0,0,2,0,0
591,Kingsville (ID: 201),2024-12-07,0,0,0,0,0,0
592,Kingsville (ID: 201),2024-12-06,5,0,0,5,0,0
593,Kingsville (ID: 201),2024-12-05,12,2,7,12,7,2
594,Kingsville (ID: 201),2024-12-04,0,0,0,0,0,0
595,Kingsville (ID: 201),2024-12-03,0,0,0,0,0,0
596,Kingsville (ID: 201),2024-12-02,17,7,12,17,12,7
597,Kingsville (ID: 201),2024-12-01,14,4,9,14,9,4
598,Corpus Christi Agrilife (ID: 322),2024-12-22,13,3,8,13,8,3
599,Corpus Christi Agrilife (ID: 322),2024-12-21,6,0,1,6,1,0
600,Corpus Christi Agrilife (ID: 322),2024-12-20,13,3,8,13,8,3
601,Corpus Christi Agrilife (ID: 322),2024-12-19,9,0,4,9,4,0
602,Corpus Christi Agrilife (ID: 322),2024-12-18,20,10,15,20,15,10
603,Corpus Christi Agrilife (ID: 322),2024-12-17,22,12,17,22,17,12
604,Corpus Christi Agrilife (ID: 322),2024-12-16,22,12,17,22,17,12
605,Corpus Christi Agrilife (ID: 322),2024-12-15,23,13,18,23,18,13
606,Corpus Christi Agrilife (ID: 322),2024-12-14,23,13,18,23,18,13
607,Corpus Christi Agrilife (ID: 322),2024-12-13,18,8,13,18,13,8
608,Corpus Christi Agrilife (ID: 322),2024-12-12,4,0,0,4,0,0
609,Corpus Christi Agrilife (ID: 322),2024-12-11,1,0,0,1,0,0
610,Corpus Christi Agrilife (ID: 322),2024-12-10,9,0,4,9,4,0
611,Corpus Christi Agrilife (ID: 322),2024-12-09,18,8,13,18,13,8
612,Corpus Christi North (ID: 327),2024-12-22,11,1,6,11,6,1
613,Corpus Christi North (ID: 327),2024-12-21,6,0,1,6,1,0
614,Corpus Christi North (ID: 327),2024-12-20,12,2,7,12,7,2
615,Corpus Christi North (ID: 327),2024-12-19,10,0,5,10,5,0
616,Corpus Christi North (ID: 327),2024-12-18,21,11,16,21,16,11
617,Corpus Christi North (ID: 327),2024-12-17,22,12,17,22,17,12
618,Corpus Christi North (ID: 327),2024-12-16,24,14,19,24,19,14
619,Corpus Christi North (ID: 327),2024-12-13,17,7,12,17,12,7
620,Corpus Christi North (ID: 327),2024-12-12,3,0,0,3,0,0
621,Corpus Christi North (ID: 327),2024-12-10,9,0,4,9,4,0
622,Corpus Christi South (ID: 328),2024-12-22,16,6,11,16,11,6
623,Corpus Christi South (ID: 328),2024-12-21,10,0,5,10,5,0
624,Corpus Christi South (ID: 328),2024-12-20,11,1,6,11,6,1
625,Corpus Christi South (ID: 328),2024-12-19,9,0,4,9,4,0
626,Corpus Christi South (ID: 328),2024-12-18,21,11,16,21,16,11
627,Corpus Christi South (ID: 328),2024-12-17,22,12,17,22,17,12
628,Corpus Christi South (ID: 328),2024-12-13,20,10,15,20,15,10
629,Corpus Christi South (ID: 328),2024-12-12,5,0,0,5,0,0
630,Corpus Christi South (ID: 328),2024-12-10,12,2,7,12,7,2
631,Dickinson (ID: 149),2024-12-22,4,0,0,4,0,0
632,Dickinson (ID: 149),2024-12-21,1,0,0,1,0,0
633,Dickinson (ID: 149),2024-12-20,8,0,3,8,3,0
634,Dickinson (ID: 149),2024-12-19,6,0,1,6,1,0
635,Dickinson (ID: 149),2024-12-18,19,9,14,19,14,9
636,Dickinson (ID: 149),2024-12-17,20,10,15,20,15,10
637,Dickinson (ID: 149),2024-12-16,21,11,16,21,16,11
638,Dickinson (ID: 149),2024-12-15,22,12,17,22,17,12
639,Dickinson (ID: 149),2024-12-14,19,9,14,19,14,9
640,Dickinson (ID: 149),2024-12-13,10,0,5,10,5,0
641,Dickinson (ID: 149),2024-12-12,0,0,0,0,0,0
642,Dickinson (ID: 149),2024-12-11,0,0,0,0,0,0
643,Dickinson (ID: 149),2024-12-10,11,1,6,11,6,1
644,Dickinson (ID: 149),2024-12-09,17,7,12,17,12,7
645,Driscoll (ID: 324),2024-12-22,12,2,7,12,7,2
646,Driscoll (ID: 324),2024-12-21,6,0,1,6,1,0
647,Driscoll (ID: 324),2024-12-20,12,2,7,12,7,2
648,Driscoll (ID: 324),2024-12-19,9,0,4,9,4,0
649,Driscoll (ID: 324),2024-12-18,20,10,15,20,15,10
650,Driscoll (ID: 324),2024-12-17,22,12,17,22,17,12
651,Driscoll (ID: 324),2024-12-16,25,15,20,25,20,15
652,Driscoll (ID: 324),2024-12-12,3,0,0,3,0,0
653,Driscoll (ID: 324),2024-12-11,0,0,0,0,0,0
654,Driscoll (ID: 324),2024-12-10,9,0,4,9,4,0
655,Freer (ID: 319),2024-12-19,10,0,5,10,5,0
656,Freer (ID: 319),2024-12-18,17,7,12,17,12,7
657,Freer (ID: 319),2024-12-17,23,13,18,23,18,13
658,Freer (ID: 319),2024-12-16,25,15,20,25,20,15
659,Freer (ID: 319),2024-12-15,23,13,18,23,18,13
660,Freer (ID: 319),2024-12-14,20,10,15,20,15,10
661,Freer (ID: 319),2024-12-13,15,5,10,15,10,5
662,Freer (ID: 319),2024-12-12,4,0,0,4,0,0
663,Freer (ID: 319),2024-12-11,0,0,0,0,0,0
664,Freer (ID: 319),2024-12-10,6,0,1,6,1,0
665,Freer (ID: 319),2024-12-09,17,7,12,17,12,7
666,Garwood (ID: 193),2024-12-19,6,0,1,6,1,0
667,Garwood (ID: 193),2024-12-18,13,3,8,13,8,3
668,Garwood (ID: 193),2024-12-17,19,9,14,19,14,9
669,Garwood (ID: 193),2024-12-16,21,11,16,21,16,11
670,Garwood (ID: 193),2024-12-15,24,14,19,24,19,14
671,Garwood (ID: 193),2024-12-14,24,14,19,24,19,14
672,Garwood (ID: 193),2024-12-13,14,4,9,14,9,4
673,Garwood (ID: 193),2024-12-12,1,0,0,1,0,0
674,Garwood (ID: 193),2024-12-10,1,0,0,1,0,0
675,Garwood (ID: 193),2024-12-09,14,4,9,14,9,4
676,Goliad (ID: 198),2024-12-19,8,0,3,8,3,0
677,Goliad (ID: 198),2024-12-18,10,0,5,10,5,0
678,Goliad (ID: 198),2024-12-17,10,0,5,10,5,0
679,Goliad (ID: 198),2024-12-16,11,1,6,11,6,1
680,Goliad (ID: 198),2024-12-15,16,6,11,16,11,6
681,Goliad (ID: 198),2024-12-14,11,1,6,11,6,1
682,Goliad (ID: 198),2024-12-13,8,0,3,8,3,0
683,Goliad (ID: 198),2024-12-12,0,0,0,0,0,0
684,Goliad (ID: 198),2024-12-11,0,0,0,0,0,0
685,Goliad (ID: 198),2024-12-10,1,0,0,1,0,0
686,Goliad (ID: 198),2024-12-09,8,0,3,8,3,0
687,Houston (ID: 150),2024-12-22,2,0,0,2,0,0
688,Houston (ID: 150),2024-12-21,0,0,0,0,0,0
689,Houston (ID: 150),2024-12-20,6,0,1,6,1,0
690,Houston (ID: 150),2024-12-19,6,0,1,6,1,0
691,Houston (ID: 150),2024-12-18,15,5,10,15,10,5
692,Houston (ID: 150),2024-12-17,22,12,17,22,17,12
693,Houston (ID: 150),2024-12-16,24,14,19,24,19,14
694,Houston (ID: 150),2024-12-15,23,13,18,23,18,13
695,Houston (ID: 150),2024-12-14,21,11,16,21,16,11
696,Houston (ID: 150),2024-12-13,11,1,6,11,6,1
697,Houston (ID: 150),2024-12-12,0,0,0,0,0,0
698,Houston (ID: 150),2024-12-11,0,0,0,0,0,0
699,Houston (ID: 150),2024-12-10,8,0,3,8,3,0
700,Houston (ID: 150),2024-12-09,18,8,13,18,13,8
701,Houston North (ID: 326),2024-12-22,1,0,0,1,0,0
702,Houston North (ID: 326),2024-12-21,0,0,0,0,0,0
703,Houston North (ID: 326),2024-12-20,6,0,1,6,1,0
704,Houston North (ID: 326),2024-12-19,5,0,0,5,0,0
705,Houston North (ID: 326),2024-12-18,14,4,9,14,9,4
706,Houston North (ID: 326),2024-12-17,22,12,17,22,17,12
707,Houston North (ID: 326),2024-12-16,22,12,17,22,17,12
708,Houston North (ID: 326),2024-12-15,21,11,16,21,16,11
709,Houston North (ID: 326),2024-12-14,18,8,13,18,13,8
710,Houston North (ID: 326),2024-12-13,9,0,4,9,4,0
711,Houston North (ID: 326),2024-12-12,0,0,0,0,0,0
712,Houston North (ID: 326),2024-12-11,0,0,0,0,0,0
713,Houston North (ID: 326),2024-12-10,8,0,3,8,3,0
714,Houston North (ID: 326),2024-12-09,16,6,11,16,11,6
715,Kingsville (ID: 201),2024-12-19,11,1,6,11,6,1
716,Kingsville (ID: 201),2024-12-18,21,11,16,21,16,11
717,Kingsville (ID: 201),2024-12-17,22,12,17,22,17,12
718,Kingsville (ID: 201),2024-12-16,25,15,20,25,20,15
719,Kingsville (ID: 201),2024-12-15,21,11,16,21,16,11
720,Kingsville (ID: 201),2024-12-14,20,10,15,20,15,10
721,Kingsville (ID: 201),2024-12-13,16,6,11,16,11,6
722,Kingsville (ID: 201),2024-12-12,3,0,0,3,0,0
723,Kingsville (ID: 201),2024-12-11,1,0,0,1,0,0
724,Kingsville (ID: 201),2024-12-10,0,0,0,0,0,0
725,Kingsville (ID: 201),2024-12-09,19,9,14,19,14,9
726,Memorial Village (ID: 160),2024-12-22,3,0,0,3,0,0
727,Memorial Village (ID: 160),2024-12-21,1,0,0,1,0,0
728,Memorial Village (ID: 160),2024-12-20,8,0,3,8,3,0
729,Memorial Village (ID: 160),2024-12-19,6,0,1,6,1,0
730,Memorial Village (ID: 160),2024-12-18,16,6,11,16,11,6
731,Memorial Village (ID: 160),2024-12-17,23,13,18,23,18,13
732,Memorial Village (ID: 160),2024-12-16,24,14,19,24,19,14
733,Memorial Village (ID: 160),2024-12-15,23,13,18,23,18,13
734,Memorial Village (ID: 160),2024-12-14,21,11,16,21,16,11
735,Memorial Village (ID: 160),2024-12-13,11,1,6,11,6,1
736,Memorial Village (ID: 160),2024-12-12,0,0,0,0,0,0
737,Memorial Village (ID: 160),2024-12-11,0,0,0,0,0,0
738,Memorial Village (ID: 160),2024-12-10,8,0,3,8,3,0
739,Memorial Village (ID: 160),2024-12-09,16,6,11,16,11,6
740,Refugio (ID: 188),2024-12-19,6,0,1,6,1,0
741,Refugio (ID: 188),2024-12-18,6,0,1,6,1,0
742,Refugio (ID: 188),2024-12-16,9,0,4,9,4,0
743,Refugio (ID: 188),2024-12-15,8,0,3,8,3,0
744,Refugio (ID: 188),2024-12-13,5,0,0,5,0,0
745,Refugio (ID: 188),2024-12-12,0,0,0,0,0,0
746,Refugio (ID: 188),2024-12-11,0,0,0,0,0,0
747,Refugio (ID: 188),2024-12-10,0,0,0,0,0,0
748,Refugio (ID: 188),2024-12-09,5,0,0,5,0,0
749,Richmond North (ID: 161),2024-12-22,2,0,0,2,0,0
750,Richmond North (ID: 161),2024-12-21,0,0,0,0,0,0
751,Richmond North (ID: 161),2024-12-20,5,0,0,5,0,0
752,Richmond North (ID: 161),2024-12-19,5,0,0,5,0,0
753,Richmond North (ID: 161),2024-12-18,14,4,9,14,9,4
754,Richmond North (ID: 161),2024-12-17,22,12,17,22,17,12
755,Richmond North (ID: 161),2024-12-16,22,12,17,22,17,12
756,Richmond North (ID: 161),2024-12-15,22,12,17,22,17,12
757,Richmond North (ID: 161),2024-12-14,21,11,16,21,16,11
758,Richmond North (ID: 161),2024-12-13,11,1,6,11,6,1
759,Richmond North (ID: 161),2024-12-12,0,0,0,0,0,0
760,Richmond North (ID: 161),2024-12-11,0,0,0,0,0,0
761,Richmond North (ID: 161),2024-12-10,6,0,1,6,1,0
762,Richmond North (ID: 161),2024-12-09,14,4,9,14,9,4
763,Richmond South (ID: 151),2024-12-22,5,0,0,5,0,0
764,Richmond South (ID: 151),2024-12-21,1,0,0,1,0,0
765,Richmond South (ID: 151),2024-12-20,5,0,0,5,0,0
766,Richmond South (ID: 151),2024-12-19,7,0,2,7,2,0
767,Richmond South (ID: 151),2024-12-18,14,4,9,14,9,4
768,Richmond South (ID: 151),2024-12-17,19,9,14,19,14,9
769,Richmond South (ID: 151),2024-12-16,20,10,15,20,15,10
770,Richmond South (ID: 151),2024-12-15,19,9,14,19,14,9
771,Richmond South (ID: 151),2024-12-14,20,10,15,20,15,10
772,Richmond South (ID: 151),2024-12-13,12,2,7,12,7,2
773,Richmond South (ID: 151),2024-12-12,0,0,0,0,0,0
774,Richmond South (ID: 151),2024-12-11,0,0,0,0,0,0
775,Richmond South (ID: 151),2024-12-10,6,0,1,6,1,0
776,Richmond South (ID: 151),2024-12-09,14,4,9,14,9,4
777,Spring (ID: 152),2024-12-22,1,0,0,1,0,0
778,Spring (ID: 152),2024-12-21,0,0,0,0,0,0
779,Spring (ID: 152),2024-12-20,6,0,1,6,1,0
780,Spring (ID: 152),2024-12-19,6,0,1,6,1,0
781,Spring (ID: 152),2024-12-18,14,4,9,14,9,4
782,Spring (ID: 152),2024-12-17,23,13,18,23,18,13
783,Spring (ID: 152),2024-12-16,23,13,18,23,18,13
784,Spring (ID: 152),2024-12-15,22,12,17,22,17,12
785,Spring (ID: 152),2024-12-14,18,8,13,18,13,8
786,Spring (ID: 152),2024-12-13,9,0,4,9,4,0
787,Spring (ID: 152),2024-12-12,0,0,0,0,0,0
788,Spring (ID: 152),2024-12-11,0,0,0,0,0,0
789,Spring (ID: 152),2024-12-10,6,0,1,6,1,0
790,Spring (ID: 152),2024-12-09,16,6,11,16,11,6
791,Victoria County West (ID: 316),2024-12-19,8,0,3,8,3,0
792,Victoria County West (ID: 316),2024-12-18,15,5,10,15,10,5
793,Victoria County West (ID: 316),2024-12-17,22,12,17,22,17,12
794,Victoria County West (ID: 316),2024-12-16,23,13,18,23,18,13
795,Victoria County West (ID: 316),2024-12-15,25,15,20,25,20,15
796,Victoria County West (ID: 316),2024-12-14,23,13,18,23,18,13
797,Victoria County West (ID: 316),2024-12-13,13,3,8,13,8,3
798,Victoria County West (ID: 316),2024-12-12,2,0,0,2,0,0
799,Victoria County West (ID: 316),2024-12-11,0,0,0,0,0,0
800,Victoria County West (ID: 316),2024-12-10,3,0,0,3,0,0
801,Victoria County West (ID: 316),2024-12-09,14,4,9,14,9,4
